Age,Gender,Status,Time
35,Male,Normal,3/17/2026 21:46
41,Male,Normal,3/17/2026 21:46
33,Female,Normal,3/17/2026 21:46
31,Female,Normal,3/17/2026 21:46
29,Female,Normal,3/17/2026 21:46
31,Female,Normal,3/17/2026 21:46
29,Male,Normal,3/17/2026 21:46
32,Female,Normal,3/17/2026 21:46
31,Male,Normal,3/17/2026 21:46
30,Female,Normal,3/17/2026 21:46
28,Male,Normal,3/17/2026 21:46
26,Female,Normal,3/17/2026 21:46
29,Female,Normal,3/17/2026 21:46
27,Male,Normal,3/17/2026 21:46
28,Male,Normal,3/17/2026 21:46
26,Female,Normal,3/17/2026 21:46
27,Female,Normal,3/17/2026 21:46
24,Male,Normal,3/17/2026 21:46
30,Male,Normal,3/17/2026 21:46
32,Male,Normal,3/17/2026 21:46
30,Male,Normal,3/17/2026 21:46
29,Male,Normal,3/17/2026 21:46
31,Male,Normal,3/17/2026 21:46
29,Male,Normal,3/17/2026 21:46
32,Female,Normal,3/17/2026 21:46
28,Male,Normal,3/17/2026 21:46
29,Female,Normal,3/17/2026 21:46
28,Female,Normal,3/17/2026 21:46
31,Female,Normal,3/17/2026 21:46
22,Female,Normal,3/17/2026 21:46
26,Female,Normal,3/17/2026 21:46
27,Male,Normal,3/17/2026 21:46
31,Female,Normal,3/17/2026 21:46
32,Male,Normal,3/17/2026 21:46
29,Male,Normal,3/17/2026 21:46
30,Male,Normal,3/17/2026 21:46
37,Male,Normal,3/17/2026 21:46
34,Male,Normal,3/17/2026 21:46
36,Male,Normal,3/17/2026 21:46
30,Female,Normal,3/17/2026 21:46
38,Female,Normal,3/17/2026 21:46
36,Female,Normal,3/17/2026 21:46
34,Female,Normal,3/17/2026 21:46
40,Male,Normal,3/17/2026 21:46
28,Female,Normal,3/17/2026 21:46
38,Male,Normal,3/17/2026 21:46
31,Male,Normal,3/17/2026 21:46
28,Male,Normal,3/17/2026 21:46
24,Male,Normal,3/17/2026 21:46
12,Female,Normal,3/17/2026 21:46
27,Female,Normal,3/17/2026 21:46
25,Female,Normal,3/17/2026 21:46
20,Female,Normal,3/17/2026 21:46
31,Female,Normal,3/17/2026 21:46
37,Female,Normal,3/17/2026 21:46
40,Male,Normal,3/17/2026 21:46
35,Male,Normal,3/17/2026 21:46
34,Female,Normal,3/17/2026 21:46
37,Male,Normal,3/17/2026 21:46
41,Male,Normal,3/17/2026 21:46
30,Male,Normal,3/17/2026 21:46
28,Female,Normal,3/17/2026 21:46
17,Female,Normal,3/17/2026 21:46
24,Female,Normal,3/17/2026 21:46
21,Female,Normal,3/17/2026 21:46
26,Male,Normal,3/17/2026 21:46
31,Female,Normal,3/17/2026 21:46
29,Female,Normal,3/17/2026 21:46
28,Female,Normal,3/17/2026 21:46
29,Female,Normal,3/17/2026 21:46
